<?xml version="1.0" encoding="UTF-8" standalone="yes"?>
<addon id="repository.bstation" name="Bstation Repository" version="1.0.0" provider-name="Makairamei">
    <extension point="xbmc.addon.repository" name="Bstation Repository">
        <dir>
            <info compressed="false">https://makairamei.github.io/kodi-repo/addons.xml</info>
            <checksum>https://makairamei.github.io/kodi-repo/addons.xml.md5</checksum>
            <datadir zip="true">https://makairamei.github.io/kodi-repo/</datadir>
        </dir>
    </extension>
    <extension point="xbmc.addon.metadata">
        <summary>Bstation Repository</summary>
        <description>Repository for Bstation Addon</description>
        <platform>all</platform>
        <assets>
            <icon>icon.png</icon>
        </assets>
    </extension>
</addon>
